Title,Price,Title Link,Review Link,Total Review
"LG 22 Inch (55cm) FHD Monitor 1920 x 1080, AMD FreeSync, VA, 100Hz, sRGB 99% Typ(CIE1931), Black Stabilizer, Virtual Borderless, Flicker Safe, Reader Mode, OnScreen Control, HDMI,VGA, 22MR410(Black)","₹6,099",https://www.amazon.com/LG-FreeSync-Stabilizer-Borderless-OnScreen/dp/B0CPPVQX4H/ref=sr_1_1?crid=2PP7EK1VCA56P&dib=eyJ2IjoiMSJ9.cdR7Uujswvm1NX9ChH7mvzaEBQsnRzs5mVwyYnrk2GtdrrZlH-8w6-gxtVfFu4oeDqP32a03PpfV51ICA_DJQEzif1jS3hV57Nv-36oPNGuBi2WXBrVpnCA9FnVJQbPX0VuHSWuIIS-kSvpu8EUx1-TA6k6LS3t-5vqTlw6MQETQu_jQsmjY6CGfECvIMbQtALgaN1pXchD335V5vkC3i6WmA5N60jTvcTjKBup6O5Y.f1kevyYpnplCVYhsCmyBXEcj9RBMm0ZebR3-k1E2rOw&dib_tag=se&keywords=lg+monitor&nsdOptOutParam=true&qid=1746534597&sprefix=lg+monito%2Caps%2C428&sr=8-1,https://www.amazon.com/LG-FreeSync-Stabilizer-Borderless-OnScreen/dp/B0CPPVQX4H/ref=sr_1_1?crid=2PP7EK1VCA56P&dib=eyJ2IjoiMSJ9.cdR7Uujswvm1NX9ChH7mvzaEBQsnRzs5mVwyYnrk2GtdrrZlH-8w6-gxtVfFu4oeDqP32a03PpfV51ICA_DJQEzif1jS3hV57Nv-36oPNGuBi2WXBrVpnCA9FnVJQbPX0VuHSWuIIS-kSvpu8EUx1-TA6k6LS3t-5vqTlw6MQETQu_jQsmjY6CGfECvIMbQtALgaN1pXchD335V5vkC3i6WmA5N60jTvcTjKBup6O5Y.f1kevyYpnplCVYhsCmyBXEcj9RBMm0ZebR3-k1E2rOw&dib_tag=se&keywords=lg+monitor&nsdOptOutParam=true&qid=1746534597&sprefix=lg+monito%2Caps%2C428&sr=8-1,570
"LG 24 Inch (60.4cm) IPS FHD Monitor 1920 x 1080,AMD FreeSync, 100Hz, sRGB 99% Typ(CIE1931), Black Stabilizer, Virtual Borderless, Flicker Safe, Reader Mode,OnScreen Control, HDMI,VGA, 24MR400(Black)","₹7,249",https://www.amazon.com/LG-FreeSync-Stabilizer-Borderless-OnScreen/dp/B0CPPWT3F7/ref=sr_1_2?crid=2PP7EK1VCA56P&dib=eyJ2IjoiMSJ9.cdR7Uujswvm1NX9ChH7mvzaEBQsnRzs5mVwyYnrk2GtdrrZlH-8w6-gxtVfFu4oeDqP32a03PpfV51ICA_DJQEzif1jS3hV57Nv-36oPNGuBi2WXBrVpnCA9FnVJQbPX0VuHSWuIIS-kSvpu8EUx1-TA6k6LS3t-5vqTlw6MQETQu_jQsmjY6CGfECvIMbQtALgaN1pXchD335V5vkC3i6WmA5N60jTvcTjKBup6O5Y.f1kevyYpnplCVYhsCmyBXEcj9RBMm0ZebR3-k1E2rOw&dib_tag=se&keywords=lg+monitor&nsdOptOutParam=true&qid=1746534597&sprefix=lg+monito%2Caps%2C428&sr=8-2,https://www.amazon.com/LG-FreeSync-Stabilizer-Borderless-OnScreen/dp/B0CPPWT3F7/ref=sr_1_2?crid=2PP7EK1VCA56P&dib=eyJ2IjoiMSJ9.cdR7Uujswvm1NX9ChH7mvzaEBQsnRzs5mVwyYnrk2GtdrrZlH-8w6-gxtVfFu4oeDqP32a03PpfV51ICA_DJQEzif1jS3hV57Nv-36oPNGuBi2WXBrVpnCA9FnVJQbPX0VuHSWuIIS-kSvpu8EUx1-TA6k6LS3t-5vqTlw6MQETQu_jQsmjY6CGfECvIMbQtALgaN1pXchD335V5vkC3i6WmA5N60jTvcTjKBup6O5Y.f1kevyYpnplCVYhsCmyBXEcj9RBMm0ZebR3-k1E2rOw&dib_tag=se&keywords=lg+monitor&nsdOptOutParam=true&qid=1746534597&sprefix=lg+monito%2Caps%2C428&sr=8-2,570
"LG Ultragear 24GS65F IPS Full HD Gaming Monitor, 24 Inch, 1920 X 1080, 1ms, 180Hz, HDR 10, NVIDIA G-Sync Compatible, AMD FreeSync, Height/Pivot/Tilt Adjustable Stand, Borderless Design, DP, HDMI","₹10,499",https://www.amazon.com/LG-Ultragear-Compatible-Adjustable-Borderless/dp/B0DPQWPQN2/ref=sr_1_3?crid=2PP7EK1VCA56P&dib=eyJ2IjoiMSJ9.cdR7Uujswvm1NX9ChH7mvzaEBQsnRzs5mVwyYnrk2GtdrrZlH-8w6-gxtVfFu4oeDqP32a03PpfV51ICA_DJQEzif1jS3hV57Nv-36oPNGuBi2WXBrVpnCA9FnVJQbPX0VuHSWuIIS-kSvpu8EUx1-TA6k6LS3t-5vqTlw6MQETQu_jQsmjY6CGfECvIMbQtALgaN1pXchD335V5vkC3i6WmA5N60jTvcTjKBup6O5Y.f1kevyYpnplCVYhsCmyBXEcj9RBMm0ZebR3-k1E2rOw&dib_tag=se&keywords=lg+monitor&nsdOptOutParam=true&qid=1746534597&sprefix=lg+monito%2Caps%2C428&sr=8-3,https://www.amazon.com/LG-Ultragear-Compatible-Adjustable-Borderless/dp/B0DPQWPQN2/ref=sr_1_3?crid=2PP7EK1VCA56P&dib=eyJ2IjoiMSJ9.cdR7Uujswvm1NX9ChH7mvzaEBQsnRzs5mVwyYnrk2GtdrrZlH-8w6-gxtVfFu4oeDqP32a03PpfV51ICA_DJQEzif1jS3hV57Nv-36oPNGuBi2WXBrVpnCA9FnVJQbPX0VuHSWuIIS-kSvpu8EUx1-TA6k6LS3t-5vqTlw6MQETQu_jQsmjY6CGfECvIMbQtALgaN1pXchD335V5vkC3i6WmA5N60jTvcTjKBup6O5Y.f1kevyYpnplCVYhsCmyBXEcj9RBMm0ZebR3-k1E2rOw&dib_tag=se&keywords=lg+monitor&nsdOptOutParam=true&qid=1746534597&sprefix=lg+monito%2Caps%2C428&sr=8-3,112
"LG 27SR50F Smart Monitor (27"", 68.6cm), FHD IPS Display (1920 x 1080) with webOS, Work & Play Smarter, ThinQ Home Dashboard, AirPlay 2 + Screen Share + Bluetooth, Stylish Design - White","₹15,299",https://www.amazon.com/LG-27SR50F-Monitor-Dashboard-Bluetooth/dp/B0CXXKW2B8/ref=sr_1_4?crid=2PP7EK1VCA56P&dib=eyJ2IjoiMSJ9.cdR7Uujswvm1NX9ChH7mvzaEBQsnRzs5mVwyYnrk2GtdrrZlH-8w6-gxtVfFu4oeDqP32a03PpfV51ICA_DJQEzif1jS3hV57Nv-36oPNGuBi2WXBrVpnCA9FnVJQbPX0VuHSWuIIS-kSvpu8EUx1-TA6k6LS3t-5vqTlw6MQETQu_jQsmjY6CGfECvIMbQtALgaN1pXchD335V5vkC3i6WmA5N60jTvcTjKBup6O5Y.f1kevyYpnplCVYhsCmyBXEcj9RBMm0ZebR3-k1E2rOw&dib_tag=se&keywords=lg+monitor&nsdOptOutParam=true&qid=1746534597&sprefix=lg+monito%2Caps%2C428&sr=8-4,https://www.amazon.com/LG-27SR50F-Monitor-Dashboard-Bluetooth/dp/B0CXXKW2B8/ref=sr_1_4?crid=2PP7EK1VCA56P&dib=eyJ2IjoiMSJ9.cdR7Uujswvm1NX9ChH7mvzaEBQsnRzs5mVwyYnrk2GtdrrZlH-8w6-gxtVfFu4oeDqP32a03PpfV51ICA_DJQEzif1jS3hV57Nv-36oPNGuBi2WXBrVpnCA9FnVJQbPX0VuHSWuIIS-kSvpu8EUx1-TA6k6LS3t-5vqTlw6MQETQu_jQsmjY6CGfECvIMbQtALgaN1pXchD335V5vkC3i6WmA5N60jTvcTjKBup6O5Y.f1kevyYpnplCVYhsCmyBXEcj9RBMm0ZebR3-k1E2rOw&dib_tag=se&keywords=lg+monitor&nsdOptOutParam=true&qid=1746534597&sprefix=lg+monito%2Caps%2C428&sr=8-4,"1,231"
"LG 27GS65F 27 Inch Ultragear IPS Full HD Gaming Monitor (1920 X 1080), 1ms, 180Hz, HDR 10, NVIDIA G-Sync, AMD FreeSync Compatible, DisplayPort, HDMI, HP Out, Tilt/Height/Pivot Adjustments, Black","₹13,399",https://www.amazon.com/LG-Ultragear-Compatible-DisplayPort-Adjustments/dp/B0DMRV8LS9/ref=sr_1_5?crid=2PP7EK1VCA56P&dib=eyJ2IjoiMSJ9.cdR7Uujswvm1NX9ChH7mvzaEBQsnRzs5mVwyYnrk2GtdrrZlH-8w6-gxtVfFu4oeDqP32a03PpfV51ICA_DJQEzif1jS3hV57Nv-36oPNGuBi2WXBrVpnCA9FnVJQbPX0VuHSWuIIS-kSvpu8EUx1-TA6k6LS3t-5vqTlw6MQETQu_jQsmjY6CGfECvIMbQtALgaN1pXchD335V5vkC3i6WmA5N60jTvcTjKBup6O5Y.f1kevyYpnplCVYhsCmyBXEcj9RBMm0ZebR3-k1E2rOw&dib_tag=se&keywords=lg+monitor&nsdOptOutParam=true&qid=1746534597&sprefix=lg+monito%2Caps%2C428&sr=8-5,https://www.amazon.com/LG-Ultragear-Compatible-DisplayPort-Adjustments/dp/B0DMRV8LS9/ref=sr_1_5?crid=2PP7EK1VCA56P&dib=eyJ2IjoiMSJ9.cdR7Uujswvm1NX9ChH7mvzaEBQsnRzs5mVwyYnrk2GtdrrZlH-8w6-gxtVfFu4oeDqP32a03PpfV51ICA_DJQEzif1jS3hV57Nv-36oPNGuBi2WXBrVpnCA9FnVJQbPX0VuHSWuIIS-kSvpu8EUx1-TA6k6LS3t-5vqTlw6MQETQu_jQsmjY6CGfECvIMbQtALgaN1pXchD335V5vkC3i6WmA5N60jTvcTjKBup6O5Y.f1kevyYpnplCVYhsCmyBXEcj9RBMm0ZebR3-k1E2rOw&dib_tag=se&keywords=lg+monitor&nsdOptOutParam=true&qid=1746534597&sprefix=lg+monito%2Caps%2C428&sr=8-5,112
LG 24MS550-B 24 inch IPS FHD (1920x1080) Monitor 100Hz 5ms Reader Mode Tilt/Height Adjustable Stand Built in Speaker Borderless Design OnScreen Control Black Stabilizer DAS Crosshair HDMI Black,"₹7,999",https://www.amazon.com/LG-24MS550-B-Adjustable-Borderless-Stabilizer/dp/B0DMNKNKFH/ref=sr_1_6?crid=2PP7EK1VCA56P&dib=eyJ2IjoiMSJ9.cdR7Uujswvm1NX9ChH7mvzaEBQsnRzs5mVwyYnrk2GtdrrZlH-8w6-gxtVfFu4oeDqP32a03PpfV51ICA_DJQEzif1jS3hV57Nv-36oPNGuBi2WXBrVpnCA9FnVJQbPX0VuHSWuIIS-kSvpu8EUx1-TA6k6LS3t-5vqTlw6MQETQu_jQsmjY6CGfECvIMbQtALgaN1pXchD335V5vkC3i6WmA5N60jTvcTjKBup6O5Y.f1kevyYpnplCVYhsCmyBXEcj9RBMm0ZebR3-k1E2rOw&dib_tag=se&keywords=lg+monitor&nsdOptOutParam=true&qid=1746534597&sprefix=lg+monito%2Caps%2C428&sr=8-6,https://www.amazon.com/LG-24MS550-B-Adjustable-Borderless-Stabilizer/dp/B0DMNKNKFH/ref=sr_1_6?crid=2PP7EK1VCA56P&dib=eyJ2IjoiMSJ9.cdR7Uujswvm1NX9ChH7mvzaEBQsnRzs5mVwyYnrk2GtdrrZlH-8w6-gxtVfFu4oeDqP32a03PpfV51ICA_DJQEzif1jS3hV57Nv-36oPNGuBi2WXBrVpnCA9FnVJQbPX0VuHSWuIIS-kSvpu8EUx1-TA6k6LS3t-5vqTlw6MQETQu_jQsmjY6CGfECvIMbQtALgaN1pXchD335V5vkC3i6WmA5N60jTvcTjKBup6O5Y.f1kevyYpnplCVYhsCmyBXEcj9RBMm0ZebR3-k1E2rOw&dib_tag=se&keywords=lg+monitor&nsdOptOutParam=true&qid=1746534597&sprefix=lg+monito%2Caps%2C428&sr=8-6,56
"LG 29WQ500 (29 inch) UltraWide FHD (2560 x 1080) IPS Monitor with AMD FreeSync™, 100Hz, 1ms, HDR10, OnScreen Control & Dual Controller, 3-Side Virtually Borderless, Dynamic Action Sync - Black","₹14,499",https://www.amazon.com/LG-UltraWide-FreeSyncTM-Controller-Borderless/dp/B0DGQ2T48J/ref=sr_1_7?crid=2PP7EK1VCA56P&dib=eyJ2IjoiMSJ9.cdR7Uujswvm1NX9ChH7mvzaEBQsnRzs5mVwyYnrk2GtdrrZlH-8w6-gxtVfFu4oeDqP32a03PpfV51ICA_DJQEzif1jS3hV57Nv-36oPNGuBi2WXBrVpnCA9FnVJQbPX0VuHSWuIIS-kSvpu8EUx1-TA6k6LS3t-5vqTlw6MQETQu_jQsmjY6CGfECvIMbQtALgaN1pXchD335V5vkC3i6WmA5N60jTvcTjKBup6O5Y.f1kevyYpnplCVYhsCmyBXEcj9RBMm0ZebR3-k1E2rOw&dib_tag=se&keywords=lg+monitor&nsdOptOutParam=true&qid=1746534597&sprefix=lg+monito%2Caps%2C428&sr=8-7,https://www.amazon.com/LG-UltraWide-FreeSyncTM-Controller-Borderless/dp/B0DGQ2T48J/ref=sr_1_7?crid=2PP7EK1VCA56P&dib=eyJ2IjoiMSJ9.cdR7Uujswvm1NX9ChH7mvzaEBQsnRzs5mVwyYnrk2GtdrrZlH-8w6-gxtVfFu4oeDqP32a03PpfV51ICA_DJQEzif1jS3hV57Nv-36oPNGuBi2WXBrVpnCA9FnVJQbPX0VuHSWuIIS-kSvpu8EUx1-TA6k6LS3t-5vqTlw6MQETQu_jQsmjY6CGfECvIMbQtALgaN1pXchD335V5vkC3i6WmA5N60jTvcTjKBup6O5Y.f1kevyYpnplCVYhsCmyBXEcj9RBMm0ZebR3-k1E2rOw&dib_tag=se&keywords=lg+monitor&nsdOptOutParam=true&qid=1746534597&sprefix=lg+monito%2Caps%2C428&sr=8-7,"2,135"
"LG 27US500-W, 27 Inch Ultrafine Monitor, IPS, 4K UHD (3840x2160), 60Hz,HDR10 up to 90% DCI-P3 Color gamut, Borderless Design, Reader Mode, Flicker Safe, HDMI X 2, DisplayPort, Head Phone Out - White","₹19,299",https://www.amazon.com/LG-27US500-W-Ultrafine-Borderless-DisplayPort/dp/B0DMWFVQDX/ref=sr_1_8?crid=2PP7EK1VCA56P&dib=eyJ2IjoiMSJ9.cdR7Uujswvm1NX9ChH7mvzaEBQsnRzs5mVwyYnrk2GtdrrZlH-8w6-gxtVfFu4oeDqP32a03PpfV51ICA_DJQEzif1jS3hV57Nv-36oPNGuBi2WXBrVpnCA9FnVJQbPX0VuHSWuIIS-kSvpu8EUx1-TA6k6LS3t-5vqTlw6MQETQu_jQsmjY6CGfECvIMbQtALgaN1pXchD335V5vkC3i6WmA5N60jTvcTjKBup6O5Y.f1kevyYpnplCVYhsCmyBXEcj9RBMm0ZebR3-k1E2rOw&dib_tag=se&keywords=lg+monitor&nsdOptOutParam=true&qid=1746534597&sprefix=lg+monito%2Caps%2C428&sr=8-8,https://www.amazon.com/LG-27US500-W-Ultrafine-Borderless-DisplayPort/dp/B0DMWFVQDX/ref=sr_1_8?crid=2PP7EK1VCA56P&dib=eyJ2IjoiMSJ9.cdR7Uujswvm1NX9ChH7mvzaEBQsnRzs5mVwyYnrk2GtdrrZlH-8w6-gxtVfFu4oeDqP32a03PpfV51ICA_DJQEzif1jS3hV57Nv-36oPNGuBi2WXBrVpnCA9FnVJQbPX0VuHSWuIIS-kSvpu8EUx1-TA6k6LS3t-5vqTlw6MQETQu_jQsmjY6CGfECvIMbQtALgaN1pXchD335V5vkC3i6WmA5N60jTvcTjKBup6O5Y.f1kevyYpnplCVYhsCmyBXEcj9RBMm0ZebR3-k1E2rOw&dib_tag=se&keywords=lg+monitor&nsdOptOutParam=true&qid=1746534597&sprefix=lg+monito%2Caps%2C428&sr=8-8,46
"LG 32SR50F Smart Monitor (32"", 80cm), FHD IPS Display (1920 x 1080) with webOS, Work & Play Smarter, ThinQ Home Dashboard, AirPlay 2 + Screen Share + Bluetooth, Stylish Design - White","₹16,999",https://www.amazon.com/LG-32SR50F-Monitor-Dashboard-Bluetooth/dp/B0CXXCYXVJ/ref=sr_1_9?crid=2PP7EK1VCA56P&dib=eyJ2IjoiMSJ9.cdR7Uujswvm1NX9ChH7mvzaEBQsnRzs5mVwyYnrk2GtdrrZlH-8w6-gxtVfFu4oeDqP32a03PpfV51ICA_DJQEzif1jS3hV57Nv-36oPNGuBi2WXBrVpnCA9FnVJQbPX0VuHSWuIIS-kSvpu8EUx1-TA6k6LS3t-5vqTlw6MQETQu_jQsmjY6CGfECvIMbQtALgaN1pXchD335V5vkC3i6WmA5N60jTvcTjKBup6O5Y.f1kevyYpnplCVYhsCmyBXEcj9RBMm0ZebR3-k1E2rOw&dib_tag=se&keywords=lg+monitor&nsdOptOutParam=true&qid=1746534597&sprefix=lg+monito%2Caps%2C428&sr=8-9,https://www.amazon.com/LG-32SR50F-Monitor-Dashboard-Bluetooth/dp/B0CXXCYXVJ/ref=sr_1_9?crid=2PP7EK1VCA56P&dib=eyJ2IjoiMSJ9.cdR7Uujswvm1NX9ChH7mvzaEBQsnRzs5mVwyYnrk2GtdrrZlH-8w6-gxtVfFu4oeDqP32a03PpfV51ICA_DJQEzif1jS3hV57Nv-36oPNGuBi2WXBrVpnCA9FnVJQbPX0VuHSWuIIS-kSvpu8EUx1-TA6k6LS3t-5vqTlw6MQETQu_jQsmjY6CGfECvIMbQtALgaN1pXchD335V5vkC3i6WmA5N60jTvcTjKBup6O5Y.f1kevyYpnplCVYhsCmyBXEcj9RBMm0ZebR3-k1E2rOw&dib_tag=se&keywords=lg+monitor&nsdOptOutParam=true&qid=1746534597&sprefix=lg+monito%2Caps%2C428&sr=8-9,95
"LG 27MS550 (27 Inch) IPS Full HD (1920 x 1080) Monitor, 5ms, 100Hz, HDMI X 2, Built-in Speaker, Tilt & Height Adjustable Stand, Virtual Borderless, Flicker Safe, Reader Mode,OnScreen Control, Black","₹10,299",https://www.amazon.com/LG-27MS550-Adjustable-Borderless-OnScreen/dp/B0DGQ1Q7HF/ref=sr_1_10?crid=2PP7EK1VCA56P&dib=eyJ2IjoiMSJ9.cdR7Uujswvm1NX9ChH7mvzaEBQsnRzs5mVwyYnrk2GtdrrZlH-8w6-gxtVfFu4oeDqP32a03PpfV51ICA_DJQEzif1jS3hV57Nv-36oPNGuBi2WXBrVpnCA9FnVJQbPX0VuHSWuIIS-kSvpu8EUx1-TA6k6LS3t-5vqTlw6MQETQu_jQsmjY6CGfECvIMbQtALgaN1pXchD335V5vkC3i6WmA5N60jTvcTjKBup6O5Y.f1kevyYpnplCVYhsCmyBXEcj9RBMm0ZebR3-k1E2rOw&dib_tag=se&keywords=lg+monitor&nsdOptOutParam=true&qid=1746534597&sprefix=lg+monito%2Caps%2C428&sr=8-10,https://www.amazon.com/LG-27MS550-Adjustable-Borderless-OnScreen/dp/B0DGQ1Q7HF/ref=sr_1_10?crid=2PP7EK1VCA56P&dib=eyJ2IjoiMSJ9.cdR7Uujswvm1NX9ChH7mvzaEBQsnRzs5mVwyYnrk2GtdrrZlH-8w6-gxtVfFu4oeDqP32a03PpfV51ICA_DJQEzif1jS3hV57Nv-36oPNGuBi2WXBrVpnCA9FnVJQbPX0VuHSWuIIS-kSvpu8EUx1-TA6k6LS3t-5vqTlw6MQETQu_jQsmjY6CGfECvIMbQtALgaN1pXchD335V5vkC3i6WmA5N60jTvcTjKBup6O5Y.f1kevyYpnplCVYhsCmyBXEcj9RBMm0ZebR3-k1E2rOw&dib_tag=se&keywords=lg+monitor&nsdOptOutParam=true&qid=1746534597&sprefix=lg+monito%2Caps%2C428&sr=8-10,56
"LG UltraWide 29 inch (73 cm) IPS FHD, 2560x1080 Pixels, Color Calibrated, 100Hz, 7W x 2 Inbuilt Speaker, USB-C, Display Port, HDMI, White Color-29WQ600","₹17,299",https://www.amazon.com/LG-UltraWide-2560x1080-Calibrated-Color-29WQ600/dp/B0BRQVQJW2/ref=sr_1_11?crid=2PP7EK1VCA56P&dib=eyJ2IjoiMSJ9.cdR7Uujswvm1NX9ChH7mvzaEBQsnRzs5mVwyYnrk2GtdrrZlH-8w6-gxtVfFu4oeDqP32a03PpfV51ICA_DJQEzif1jS3hV57Nv-36oPNGuBi2WXBrVpnCA9FnVJQbPX0VuHSWuIIS-kSvpu8EUx1-TA6k6LS3t-5vqTlw6MQETQu_jQsmjY6CGfECvIMbQtALgaN1pXchD335V5vkC3i6WmA5N60jTvcTjKBup6O5Y.f1kevyYpnplCVYhsCmyBXEcj9RBMm0ZebR3-k1E2rOw&dib_tag=se&keywords=lg+monitor&nsdOptOutParam=true&qid=1746534597&sprefix=lg+monito%2Caps%2C428&sr=8-11,https://www.amazon.com/LG-UltraWide-2560x1080-Calibrated-Color-29WQ600/dp/B0BRQVQJW2/ref=sr_1_11?crid=2PP7EK1VCA56P&dib=eyJ2IjoiMSJ9.cdR7Uujswvm1NX9ChH7mvzaEBQsnRzs5mVwyYnrk2GtdrrZlH-8w6-gxtVfFu4oeDqP32a03PpfV51ICA_DJQEzif1jS3hV57Nv-36oPNGuBi2WXBrVpnCA9FnVJQbPX0VuHSWuIIS-kSvpu8EUx1-TA6k6LS3t-5vqTlw6MQETQu_jQsmjY6CGfECvIMbQtALgaN1pXchD335V5vkC3i6WmA5N60jTvcTjKBup6O5Y.f1kevyYpnplCVYhsCmyBXEcj9RBMm0ZebR3-k1E2rOw&dib_tag=se&keywords=lg+monitor&nsdOptOutParam=true&qid=1746534597&sprefix=lg+monito%2Caps%2C428&sr=8-11,"2,135"
"LG Electronics Ultragear 21:9 Curved Gaming LED Monitor 86.42 Cm (34 Inch),Qhd 3440 X 1440,5Ms,160Hz,AMD Freesync Premium,HDR 10,Srgb 99%,Height Adjust Stand,Dp,Hdmi,Speaker,Headphone Out,34Gp63A","₹29,999",https://www.amazon.com/LG-UltraGearTM-21-FreeSyncTM-Headphone/dp/B0C61NNG55/ref=sr_1_12?crid=2PP7EK1VCA56P&dib=eyJ2IjoiMSJ9.cdR7Uujswvm1NX9ChH7mvzaEBQsnRzs5mVwyYnrk2GtdrrZlH-8w6-gxtVfFu4oeDqP32a03PpfV51ICA_DJQEzif1jS3hV57Nv-36oPNGuBi2WXBrVpnCA9FnVJQbPX0VuHSWuIIS-kSvpu8EUx1-TA6k6LS3t-5vqTlw6MQETQu_jQsmjY6CGfECvIMbQtALgaN1pXchD335V5vkC3i6WmA5N60jTvcTjKBup6O5Y.f1kevyYpnplCVYhsCmyBXEcj9RBMm0ZebR3-k1E2rOw&dib_tag=se&keywords=lg+monitor&nsdOptOutParam=true&qid=1746534597&sprefix=lg+monito%2Caps%2C428&sr=8-12,https://www.amazon.com/LG-UltraGearTM-21-FreeSyncTM-Headphone/dp/B0C61NNG55/ref=sr_1_12?crid=2PP7EK1VCA56P&dib=eyJ2IjoiMSJ9.cdR7Uujswvm1NX9ChH7mvzaEBQsnRzs5mVwyYnrk2GtdrrZlH-8w6-gxtVfFu4oeDqP32a03PpfV51ICA_DJQEzif1jS3hV57Nv-36oPNGuBi2WXBrVpnCA9FnVJQbPX0VuHSWuIIS-kSvpu8EUx1-TA6k6LS3t-5vqTlw6MQETQu_jQsmjY6CGfECvIMbQtALgaN1pXchD335V5vkC3i6WmA5N60jTvcTjKBup6O5Y.f1kevyYpnplCVYhsCmyBXEcj9RBMm0ZebR3-k1E2rOw&dib_tag=se&keywords=lg+monitor&nsdOptOutParam=true&qid=1746534597&sprefix=lg+monito%2Caps%2C428&sr=8-12,237
"LG 32MR50C (32 Inch) Full HD Curved Monitor (1920 x 1080) with 100Hz, 5ms, VA Panel, AMD FreeSync™, HDMI X 2, VGA, Headphone Out, Tilt, Reader Mode, Flicker Safe, 3-Side Virtually Borderless - Black","₹12,999",https://www.amazon.com/LG-FreeSyncTM-Headphone-Virtually-Borderless/dp/B0DKFTZCJ2/ref=sr_1_13?crid=2PP7EK1VCA56P&dib=eyJ2IjoiMSJ9.cdR7Uujswvm1NX9ChH7mvzaEBQsnRzs5mVwyYnrk2GtdrrZlH-8w6-gxtVfFu4oeDqP32a03PpfV51ICA_DJQEzif1jS3hV57Nv-36oPNGuBi2WXBrVpnCA9FnVJQbPX0VuHSWuIIS-kSvpu8EUx1-TA6k6LS3t-5vqTlw6MQETQu_jQsmjY6CGfECvIMbQtALgaN1pXchD335V5vkC3i6WmA5N60jTvcTjKBup6O5Y.f1kevyYpnplCVYhsCmyBXEcj9RBMm0ZebR3-k1E2rOw&dib_tag=se&keywords=lg+monitor&nsdOptOutParam=true&qid=1746534597&sprefix=lg+monito%2Caps%2C428&sr=8-13,https://www.amazon.com/LG-FreeSyncTM-Headphone-Virtually-Borderless/dp/B0DKFTZCJ2/ref=sr_1_13?crid=2PP7EK1VCA56P&dib=eyJ2IjoiMSJ9.cdR7Uujswvm1NX9ChH7mvzaEBQsnRzs5mVwyYnrk2GtdrrZlH-8w6-gxtVfFu4oeDqP32a03PpfV51ICA_DJQEzif1jS3hV57Nv-36oPNGuBi2WXBrVpnCA9FnVJQbPX0VuHSWuIIS-kSvpu8EUx1-TA6k6LS3t-5vqTlw6MQETQu_jQsmjY6CGfECvIMbQtALgaN1pXchD335V5vkC3i6WmA5N60jTvcTjKBup6O5Y.f1kevyYpnplCVYhsCmyBXEcj9RBMm0ZebR3-k1E2rOw&dib_tag=se&keywords=lg+monitor&nsdOptOutParam=true&qid=1746534597&sprefix=lg+monito%2Caps%2C428&sr=8-13,51
"LG 43"" Ultrafine™ Smart Monitor UHD 4K IPS (3840 * 2160), HDR 10, Wireless Connectivity, webOS, AirPlay 2, USB Type-C (65W PD), Speakers 10WX2, Magic Remote, HDMIx2, DP, HP Out, 43SQ700 (White)","₹32,999",https://www.amazon.com/LG-UltrafineTM-Wireless-Connectivity-Speakers/dp/B0C8JLD86D/ref=sr_1_14?crid=2PP7EK1VCA56P&dib=eyJ2IjoiMSJ9.cdR7Uujswvm1NX9ChH7mvzaEBQsnRzs5mVwyYnrk2GtdrrZlH-8w6-gxtVfFu4oeDqP32a03PpfV51ICA_DJQEzif1jS3hV57Nv-36oPNGuBi2WXBrVpnCA9FnVJQbPX0VuHSWuIIS-kSvpu8EUx1-TA6k6LS3t-5vqTlw6MQETQu_jQsmjY6CGfECvIMbQtALgaN1pXchD335V5vkC3i6WmA5N60jTvcTjKBup6O5Y.f1kevyYpnplCVYhsCmyBXEcj9RBMm0ZebR3-k1E2rOw&dib_tag=se&keywords=lg+monitor&nsdOptOutParam=true&qid=1746534597&sprefix=lg+monito%2Caps%2C428&sr=8-14,https://www.amazon.com/LG-UltrafineTM-Wireless-Connectivity-Speakers/dp/B0C8JLD86D/ref=sr_1_14?crid=2PP7EK1VCA56P&dib=eyJ2IjoiMSJ9.cdR7Uujswvm1NX9ChH7mvzaEBQsnRzs5mVwyYnrk2GtdrrZlH-8w6-gxtVfFu4oeDqP32a03PpfV51ICA_DJQEzif1jS3hV57Nv-36oPNGuBi2WXBrVpnCA9FnVJQbPX0VuHSWuIIS-kSvpu8EUx1-TA6k6LS3t-5vqTlw6MQETQu_jQsmjY6CGfECvIMbQtALgaN1pXchD335V5vkC3i6WmA5N60jTvcTjKBup6O5Y.f1kevyYpnplCVYhsCmyBXEcj9RBMm0ZebR3-k1E2rOw&dib_tag=se&keywords=lg+monitor&nsdOptOutParam=true&qid=1746534597&sprefix=lg+monito%2Caps%2C428&sr=8-14,147
"LG 24"" (60.45 cm) QHD IPS Monitor (2K) with Daisy Chain, 2560x1440 Pixels, sRGB 99%, Height Adjust, Pivot (2Way), Swivel, Tilt, USB-C (65W PD) Display Port, HDMI, Black Color - 24QP750","₹18,499",https://www.amazon.com/LG-2560x1440-Pixels-IPS-sRGB-Display/dp/B0BRQV14YD/ref=sr_1_15?crid=2PP7EK1VCA56P&dib=eyJ2IjoiMSJ9.cdR7Uujswvm1NX9ChH7mvzaEBQsnRzs5mVwyYnrk2GtdrrZlH-8w6-gxtVfFu4oeDqP32a03PpfV51ICA_DJQEzif1jS3hV57Nv-36oPNGuBi2WXBrVpnCA9FnVJQbPX0VuHSWuIIS-kSvpu8EUx1-TA6k6LS3t-5vqTlw6MQETQu_jQsmjY6CGfECvIMbQtALgaN1pXchD335V5vkC3i6WmA5N60jTvcTjKBup6O5Y.f1kevyYpnplCVYhsCmyBXEcj9RBMm0ZebR3-k1E2rOw&dib_tag=se&keywords=lg+monitor&nsdOptOutParam=true&qid=1746534597&sprefix=lg+monito%2Caps%2C428&sr=8-15,https://www.amazon.com/LG-2560x1440-Pixels-IPS-sRGB-Display/dp/B0BRQV14YD/ref=sr_1_15?crid=2PP7EK1VCA56P&dib=eyJ2IjoiMSJ9.cdR7Uujswvm1NX9ChH7mvzaEBQsnRzs5mVwyYnrk2GtdrrZlH-8w6-gxtVfFu4oeDqP32a03PpfV51ICA_DJQEzif1jS3hV57Nv-36oPNGuBi2WXBrVpnCA9FnVJQbPX0VuHSWuIIS-kSvpu8EUx1-TA6k6LS3t-5vqTlw6MQETQu_jQsmjY6CGfECvIMbQtALgaN1pXchD335V5vkC3i6WmA5N60jTvcTjKBup6O5Y.f1kevyYpnplCVYhsCmyBXEcj9RBMm0ZebR3-k1E2rOw&dib_tag=se&keywords=lg+monitor&nsdOptOutParam=true&qid=1746534597&sprefix=lg+monito%2Caps%2C428&sr=8-15,509
"LG Ultragear™ 32GS60QC (32 inch) QHD 1000R Curved Gaming Monitor (2560 x 1440) with 180Hz, 1ms, AMD FreeSync™, HDR10, VESA Certified, HDMIx2 DisplayPort, 3-Side virtually Borderless - Black","₹18,999",https://www.amazon.com/LG-UltragearTM-FreeSyncTM-DisplayPort-Borderless/dp/B0DCBDVNLD/ref=sr_1_16?crid=2PP7EK1VCA56P&dib=eyJ2IjoiMSJ9.cdR7Uujswvm1NX9ChH7mvzaEBQsnRzs5mVwyYnrk2GtdrrZlH-8w6-gxtVfFu4oeDqP32a03PpfV51ICA_DJQEzif1jS3hV57Nv-36oPNGuBi2WXBrVpnCA9FnVJQbPX0VuHSWuIIS-kSvpu8EUx1-TA6k6LS3t-5vqTlw6MQETQu_jQsmjY6CGfECvIMbQtALgaN1pXchD335V5vkC3i6WmA5N60jTvcTjKBup6O5Y.f1kevyYpnplCVYhsCmyBXEcj9RBMm0ZebR3-k1E2rOw&dib_tag=se&keywords=lg+monitor&nsdOptOutParam=true&qid=1746534597&sprefix=lg+monito%2Caps%2C428&sr=8-16,https://www.amazon.com/LG-UltragearTM-FreeSyncTM-DisplayPort-Borderless/dp/B0DCBDVNLD/ref=sr_1_16?crid=2PP7EK1VCA56P&dib=eyJ2IjoiMSJ9.cdR7Uujswvm1NX9ChH7mvzaEBQsnRzs5mVwyYnrk2GtdrrZlH-8w6-gxtVfFu4oeDqP32a03PpfV51ICA_DJQEzif1jS3hV57Nv-36oPNGuBi2WXBrVpnCA9FnVJQbPX0VuHSWuIIS-kSvpu8EUx1-TA6k6LS3t-5vqTlw6MQETQu_jQsmjY6CGfECvIMbQtALgaN1pXchD335V5vkC3i6WmA5N60jTvcTjKBup6O5Y.f1kevyYpnplCVYhsCmyBXEcj9RBMm0ZebR3-k1E2rOw&dib_tag=se&keywords=lg+monitor&nsdOptOutParam=true&qid=1746534597&sprefix=lg+monito%2Caps%2C428&sr=8-16,79
